Timestamp,PM2.5 (µg/m³),PM10 (µg/m³),NO (µg/m³),NO2 (µg/m³),NOx (ppb),NH3 (µg/m³),SO2 (µg/m³),CO (mg/m³),Ozone (µg/m³),Benzene (µg/m³),Toluene (µg/m³),Xylene (µg/m³),O Xylene (µg/m³),Eth-Benzene (µg/m³),MP-Xylene (µg/m³),AT (°C),RH (%),WS (m/s),WD (deg),RF (mm),TOT-RF (mm),SR (W/mt2),BP (mmHg),VWS (m/s)
2019-01-01 00:00:00,268.95,337.20,105.19,53.49,113.95,59.23,12.12,3.38,11.62,1.88,NA,NA,NA,NA,NA,NA,NA,NA,NA,NA,NA,NA,NA,NA
2019-01-02 00:00:00,323.18,406.85,136.83,62.51,142.93,75.65,11.27,3.77,8.49,1.56,NA,NA,NA,NA,NA,NA,NA,NA,NA,NA,NA,NA,NA,NA
2019-01-03 00:00:00,349.44,436.95,66.71,47.05,79.13,39.41,9.35,3.33,11.28,2.11,NA,NA,NA,NA,NA,NA,NA,NA,NA,NA,NA,NA,NA,NA
2019-01-04 00:00:00,232.80,324.11,61.12,36.21,68.87,36.04,6.88,2.31,7.80,1.61,NA,NA,NA,NA,NA,NA,NA,NA,NA,NA,NA,NA,NA,NA
2019-01-05 00:00:00,248.27,342.99,96.10,44.46,99.64,54.63,7.67,2.51,7.22,1.43,NA,NA,NA,NA,NA,NA,NA,NA,NA,NA,NA,NA,NA,NA
2019-01-06 00:00:00,178.21,220.50,33.19,36.45,45.87,22.41,5.08,1.43,9.03,1.25,NA,NA,NA,NA,NA,NA,NA,NA,NA,NA,NA,NA,NA,NA
2019-01-07 00:00:00,188.45,243.73,50.79,37.82,61.39,32.55,7.77,1.61,9.87,1.33,NA,NA,NA,NA,NA,NA,NA,NA,NA,NA,NA,NA,NA,NA
2019-01-08 00:00:00,153.04,199.01,22.38,32.37,35.39,16.98,6.66,1.10,11.87,1.15,NA,NA,NA,NA,NA,NA,NA,NA,NA,NA,NA,NA,NA,NA
2019-01-09 00:00:00,133.10,183.72,19.12,32.21,28.76,15.12,7.35,1.07,13.57,0.89,NA,NA,NA,NA,NA,NA,NA,NA,NA,NA,NA,NA,NA,NA
2019-01-10 00:00:00,192.69,267.41,79.93,48.54,84.38,45.17,6.64,2.66,7.51,0.85,NA,NA,NA,NA,NA,NA,NA,NA,NA,NA,NA,NA,NA,NA
2019-01-11 00:00:00,304.29,402.36,218.60,76.42,218.37,118.61,NA,4.53,8.47,1.69,NA,NA,NA,NA,NA,NA,NA,NA,NA,NA,NA,NA,NA,NA
2019-01-12 00:00:00,272.00,366.31,204.19,76.80,205.43,112.93,NA,4.40,8.24,1.16,NA,NA,NA,NA,NA,NA,NA,NA,NA,NA,NA,NA,NA,NA
2019-01-13 00:00:00,NA,NA,72.75,51.96,86.49,47.62,NA,2.34,12.29,0.42,NA,NA,NA,NA,NA,NA,NA,NA,NA,NA,NA,NA,NA,NA
2019-01-14 00:00:00,35.48,118.66,14.89,32.83,29.20,15.93,NA,0.79,13.42,0.36,NA,NA,NA,NA,NA,NA,NA,NA,NA,NA,NA,NA,NA,NA
2019-01-15 00:00:00,130.93,171.52,46.69,38.21,37.94,30.54,NA,1.41,12.29,0.61,NA,NA,NA,NA,NA,NA,NA,NA,NA,NA,NA,NA,NA,NA
2019-01-16 00:00:00,267.35,352.84,176.67,71.34,181.58,99.35,NA,3.61,6.78,1.41,NA,NA,NA,NA,NA,NA,NA,NA,NA,NA,NA,NA,NA,NA
2019-01-17 00:00:00,400.78,518.56,141.64,59.05,142.49,90.19,NA,3.78,9.83,1.61,NA,NA,NA,NA,NA,NA,NA,NA,NA,NA,NA,NA,NA,NA
2019-01-18 00:00:00,246.61,330.34,73.02,31.52,76.12,42.81,NA,2.05,11.88,1.18,NA,NA,NA,NA,NA,NA,NA,NA,NA,NA,NA,NA,NA,NA
2019-01-19 00:00:00,269.53,359.73,113.00,48.17,117.47,66.15,NA,2.82,11.88,0.76,NA,NA,NA,NA,NA,NA,NA,NA,NA,NA,NA,NA,NA,NA
2019-01-20 00:00:00,305.69,396.64,199.77,68.60,198.89,111.81,NA,4.26,9.64,0.40,NA,NA,NA,NA,NA,NA,NA,NA,NA,NA,NA,NA,NA,NA
2019-01-21 00:00:00,174.67,212.67,99.52,39.37,72.89,58.37,NA,1.80,8.60,0.40,NA,NA,NA,NA,NA,NA,NA,NA,NA,NA,NA,NA,NA,NA
2019-01-22 00:00:00,55.31,67.33,29.17,25.82,37.42,22.51,NA,0.86,9.39,0.40,NA,NA,NA,NA,NA,NA,NA,NA,NA,NA,NA,NA,NA,NA
2019-01-23 00:00:00,155.94,207.76,84.55,29.73,84.55,47.28,NA,1.81,11.36,NA,NA,NA,NA,NA,NA,NA,NA,NA,NA,NA,NA,NA,NA,NA
2019-01-24 00:00:00,123.14,179.41,38.04,24.99,44.17,26.03,NA,1.08,9.53,1.17,NA,NA,NA,NA,NA,NA,NA,NA,NA,NA,NA,NA,NA,NA
2019-01-25 00:00:00,79.79,112.26,15.33,20.75,23.42,14.87,NA,0.65,13.16,0.77,NA,NA,NA,NA,NA,NA,NA,NA,NA,NA,NA,NA,NA,NA
2019-01-26 00:00:00,94.53,130.37,10.02,18.01,17.31,12.14,NA,0.60,14.93,0.78,NA,NA,NA,NA,NA,NA,NA,NA,NA,NA,NA,NA,NA,NA
2019-01-27 00:00:00,118.41,151.00,11.41,18.39,18.97,12.14,NA,0.73,12.01,0.73,NA,NA,NA,NA,NA,NA,NA,NA,NA,NA,NA,NA,NA,NA
2019-01-28 00:00:00,107.09,145.02,13.46,18.69,20.72,13.15,5.85,0.79,12.22,0.72,NA,NA,NA,NA,NA,NA,NA,NA,NA,NA,NA,NA,NA,NA
2019-01-29 00:00:00,131.04,179.06,19.56,21.18,27.07,16.63,5.82,1.03,11.53,0.95,NA,NA,NA,NA,NA,NA,NA,NA,NA,NA,NA,NA,NA,NA
2019-01-30 00:00:00,206.07,282.91,64.37,28.96,65.51,38.56,NA,1.82,9.93,1.01,NA,NA,NA,NA,NA,NA,NA,NA,NA,NA,NA,NA,NA,NA
2019-01-31 00:00:00,206.74,273.29,143.46,41.21,61.26,76.36,NA,2.11,7.86,2.25,NA,NA,NA,NA,NA,NA,NA,NA,NA,NA,NA,NA,NA,NA
2019-02-01 00:00:00,178.08,216.36,15.29,21.63,12.32,14.84,NA,1.21,9.37,1.15,NA,NA,NA,NA,NA,NA,NA,NA,NA,NA,NA,NA,NA,NA
2019-02-02 00:00:00,182.42,222.83,11.98,19.91,20.25,13.24,NA,1.06,10.11,0.59,NA,NA,NA,NA,NA,NA,NA,NA,NA,NA,NA,NA,NA,NA
2019-02-03 00:00:00,130.54,171.92,14.31,20.44,22.27,14.44,NA,1.00,10.33,0.55,NA,NA,NA,NA,NA,NA,NA,NA,NA,NA,NA,NA,NA,NA
2019-02-04 00:00:00,147.95,196.96,47.17,30.96,54.76,32.47,NA,1.63,12.42,0.75,NA,NA,NA,NA,NA,NA,NA,NA,NA,NA,NA,NA,NA,NA
2019-02-05 00:00:00,255.62,349.39,135.91,47.06,135.52,75.49,NA,3.19,8.40,2.76,NA,NA,NA,NA,NA,NA,NA,NA,NA,NA,NA,NA,NA,NA
2019-02-06 00:00:00,199.52,253.83,44.57,25.38,49.74,28.07,NA,1.66,9.54,2.54,NA,NA,NA,NA,NA,NA,NA,NA,NA,NA,NA,NA,NA,NA
2019-02-07 00:00:00,66.79,87.72,20.80,18.44,26.66,15.28,NA,0.83,12.12,1.27,NA,NA,NA,NA,NA,NA,NA,NA,NA,NA,NA,NA,NA,NA
2019-02-08 00:00:00,74.24,123.19,27.20,19.27,32.35,17.83,NA,0.86,13.72,2.39,NA,NA,NA,NA,NA,NA,NA,NA,NA,NA,NA,NA,NA,NA
2019-02-09 00:00:00,79.32,128.26,15.63,15.52,20.94,11.70,NA,0.76,16.07,2.14,NA,NA,NA,NA,NA,NA,NA,NA,NA,NA,NA,NA,NA,NA
2019-02-10 00:00:00,139.32,203.51,31.57,19.96,36.25,20.35,NA,1.13,13.19,3.55,NA,NA,NA,NA,NA,NA,NA,NA,NA,NA,NA,NA,NA,NA
2019-02-11 00:00:00,187.54,264.59,53.62,25.50,55.21,30.12,NA,1.77,13.59,3.32,NA,NA,NA,NA,NA,NA,NA,NA,NA,NA,NA,NA,NA,NA
2019-02-12 00:00:00,219.93,313.26,72.81,28.98,73.81,40.58,NA,2.36,15.92,8.31,NA,NA,NA,NA,NA,NA,NA,NA,NA,NA,NA,NA,NA,NA
2019-02-13 00:00:00,211.87,298.43,59.40,29.42,63.93,35.27,NA,1.85,12.43,2.59,NA,NA,NA,NA,NA,NA,NA,NA,NA,NA,NA,NA,NA,NA
2019-02-14 00:00:00,156.54,211.01,30.84,22.74,37.17,20.73,NA,1.23,10.04,2.33,NA,NA,NA,NA,NA,NA,NA,NA,NA,NA,NA,NA,NA,NA
2019-02-15 00:00:00,145.61,193.93,NA,NA,0.00,NA,NA,1.00,11.82,2.26,NA,NA,NA,NA,NA,NA,NA,NA,NA,NA,NA,NA,NA,NA
2019-02-16 00:00:00,118.52,156.40,NA,NA,0.00,NA,NA,0.75,11.46,1.99,NA,NA,NA,NA,NA,NA,NA,NA,NA,NA,NA,NA,NA,NA
2019-02-17 00:00:00,98.30,136.63,NA,NA,0.00,NA,NA,0.82,14.91,1.66,NA,NA,NA,NA,NA,NA,NA,NA,NA,NA,NA,NA,NA,NA
2019-02-18 00:00:00,103.23,160.36,33.89,25.66,23.23,23.93,NA,1.14,10.66,2.37,NA,NA,NA,NA,NA,NA,NA,NA,NA,NA,NA,NA,NA,NA
2019-02-19 00:00:00,155.14,233.22,53.93,27.31,58.29,32.71,NA,1.62,15.03,1.97,NA,NA,NA,NA,NA,NA,NA,NA,NA,NA,NA,NA,NA,NA
2019-02-20 00:00:00,100.18,166.95,49.47,25.89,53.99,30.10,NA,1.18,6.45,2.08,NA,NA,NA,NA,NA,NA,NA,NA,NA,NA,NA,NA,NA,NA
2019-02-21 00:00:00,78.57,148.63,57.20,24.94,59.76,33.54,40.45,1.37,8.89,1.33,NA,NA,NA,NA,NA,NA,NA,NA,NA,NA,NA,NA,NA,NA
2019-02-22 00:00:00,78.59,114.21,20.90,31.79,18.92,17.68,24.80,0.54,13.83,1.44,NA,NA,NA,NA,NA,NA,NA,NA,NA,NA,NA,NA,NA,NA
2019-02-23 00:00:00,53.52,79.85,6.29,36.73,22.98,15.41,20.15,0.38,17.75,1.23,NA,NA,NA,NA,NA,NA,NA,NA,NA,NA,NA,NA,NA,NA
2019-02-24 00:00:00,90.31,118.93,14.26,42.55,33.08,21.64,7.02,0.62,16.01,1.19,NA,NA,NA,NA,NA,NA,NA,NA,NA,NA,NA,NA,NA,NA
2019-02-25 00:00:00,108.60,140.53,48.66,54.06,68.05,40.32,10.19,1.08,9.15,1.52,NA,NA,NA,NA,NA,NA,NA,NA,NA,NA,NA,NA,NA,NA
2019-02-26 00:00:00,74.78,102.10,43.75,45.14,59.56,35.14,11.42,0.84,6.91,1.95,NA,NA,NA,NA,NA,NA,NA,NA,NA,NA,NA,NA,NA,NA
2019-02-27 00:00:00,48.60,78.83,22.35,32.95,35.60,21.31,7.33,0.60,9.19,2.40,NA,NA,NA,NA,NA,NA,NA,NA,NA,NA,NA,NA,NA,NA
2019-02-28 00:00:00,97.86,142.84,54.15,36.72,63.39,36.46,9.71,1.10,11.26,3.27,NA,NA,NA,NA,NA,NA,NA,NA,NA,NA,NA,NA,NA,NA
2019-03-01 00:00:00,92.14,149.91,47.90,41.50,60.52,35.56,10.08,1.16,10.41,5.32,NA,NA,NA,NA,NA,NA,NA,NA,NA,NA,NA,NA,NA,NA
2019-03-02 00:00:00,97.64,144.68,59.91,50.84,75.67,44.39,10.98,1.42,4.01,4.89,NA,NA,NA,NA,NA,NA,NA,NA,NA,NA,NA,NA,NA,NA
2019-03-03 00:00:00,70.43,106.41,49.95,34.23,58.65,35.28,6.25,1.25,7.24,2.10,NA,NA,NA,NA,NA,NA,NA,NA,NA,NA,NA,NA,NA,NA
2019-03-04 00:00:00,132.56,187.63,59.53,32.32,65.65,37.93,7.94,1.42,11.87,2.05,NA,NA,NA,NA,NA,NA,NA,NA,NA,NA,NA,NA,NA,NA
2019-03-05 00:00:00,69.60,104.65,20.69,33.32,34.00,21.55,7.52,0.72,12.32,1.45,NA,NA,NA,NA,NA,NA,NA,NA,NA,NA,NA,NA,NA,NA
2019-03-06 00:00:00,85.97,131.92,37.63,38.02,50.46,30.29,9.68,1.06,11.84,1.52,NA,NA,NA,NA,NA,NA,NA,NA,NA,NA,NA,NA,NA,NA
2019-03-07 00:00:00,105.13,169.92,65.80,41.70,73.64,43.70,12.31,1.41,14.28,1.79,NA,NA,NA,NA,NA,NA,NA,NA,NA,NA,NA,NA,NA,NA
2019-03-08 00:00:00,88.64,152.97,32.47,35.46,43.19,27.08,15.28,0.94,12.45,1.54,NA,NA,NA,NA,NA,NA,NA,NA,NA,NA,NA,NA,NA,NA
2019-03-09 00:00:00,73.00,122.69,13.21,28.40,24.53,16.58,16.05,0.56,14.56,1.25,NA,NA,NA,NA,NA,NA,NA,NA,NA,NA,NA,NA,NA,NA
2019-03-10 00:00:00,69.04,106.56,11.71,31.51,20.05,14.10,13.56,0.38,23.75,1.25,NA,NA,NA,NA,NA,NA,NA,NA,NA,NA,NA,NA,NA,NA
2019-03-11 00:00:00,56.39,110.39,32.66,40.33,33.59,22.05,10.52,0.86,22.26,1.03,NA,NA,NA,NA,NA,NA,NA,NA,NA,NA,NA,NA,NA,NA
2019-03-12 00:00:00,51.47,102.28,12.05,27.94,23.81,15.94,10.32,0.57,12.87,NA,NA,NA,NA,NA,NA,NA,NA,NA,NA,NA,NA,NA,NA,NA
2019-03-13 00:00:00,89.23,193.39,41.62,40.27,41.73,44.07,22.09,1.30,7.77,1.87,NA,NA,NA,NA,NA,NA,NA,NA,NA,NA,NA,NA,NA,NA
2019-03-14 00:00:00,120.29,201.23,45.23,31.97,53.48,50.20,16.44,1.41,8.59,2.41,NA,NA,NA,NA,NA,NA,NA,NA,NA,NA,NA,NA,NA,NA
2019-03-15 00:00:00,74.89,121.19,24.67,27.53,34.28,32.79,12.83,0.78,11.92,1.62,NA,NA,NA,NA,NA,NA,NA,NA,NA,NA,NA,NA,NA,NA
2019-03-16 00:00:00,66.74,112.13,12.37,25.22,22.87,22.53,13.50,0.69,15.69,1.80,NA,NA,NA,NA,NA,NA,NA,NA,NA,NA,NA,NA,NA,NA
2019-03-17 00:00:00,94.33,145.86,17.43,29.49,29.11,28.55,17.07,0.87,15.07,1.61,NA,NA,NA,NA,NA,NA,NA,NA,NA,NA,NA,NA,NA,NA
2019-03-18 00:00:00,102.98,164.80,31.70,34.69,43.73,41.60,15.30,1.20,15.31,1.47,NA,NA,NA,NA,NA,NA,NA,NA,NA,NA,NA,NA,NA,NA
2019-03-19 00:00:00,100.28,173.25,42.88,33.87,51.94,49.65,17.06,1.43,12.47,6.08,NA,NA,NA,NA,NA,NA,NA,NA,NA,NA,NA,NA,NA,NA
2019-03-20 00:00:00,123.80,197.67,49.35,43.77,62.53,61.00,18.84,1.61,8.03,1.74,NA,NA,NA,NA,NA,NA,NA,NA,NA,NA,NA,NA,NA,NA
2019-03-21 00:00:00,125.01,160.83,31.31,36.17,6.52,44.19,19.14,1.08,15.82,1.23,NA,NA,NA,NA,NA,NA,NA,NA,NA,NA,NA,NA,NA,NA
2019-03-22 00:00:00,42.16,78.80,8.12,19.74,8.52,16.74,17.41,0.46,18.34,1.55,NA,NA,NA,NA,NA,NA,NA,NA,NA,NA,NA,NA,NA,NA
2019-03-23 00:00:00,47.54,101.58,9.53,17.21,16.35,16.09,14.63,0.59,18.77,1.85,NA,NA,NA,NA,NA,NA,NA,NA,NA,NA,NA,NA,NA,NA
2019-03-24 00:00:00,59.42,121.37,11.47,21.52,20.32,19.83,25.90,0.68,13.21,2.22,NA,NA,NA,NA,NA,NA,NA,NA,NA,NA,NA,NA,NA,NA
2019-03-25 00:00:00,69.58,127.21,12.45,24.30,22.44,22.20,19.59,0.84,11.40,1.45,NA,NA,NA,NA,NA,NA,NA,NA,NA,NA,NA,NA,NA,NA
2019-03-26 00:00:00,69.02,128.25,10.32,26.61,22.05,21.69,19.42,0.80,13.50,2.10,NA,NA,NA,NA,NA,NA,NA,NA,NA,NA,NA,NA,NA,NA
2019-03-27 00:00:00,69.08,135.80,25.55,30.33,36.24,34.85,18.91,1.23,15.01,1.86,NA,NA,NA,NA,NA,NA,NA,NA,NA,NA,NA,NA,NA,NA
2019-03-28 00:00:00,113.90,199.90,46.16,39.16,58.26,54.34,26.66,1.94,15.01,3.33,NA,NA,NA,NA,NA,NA,NA,NA,NA,NA,NA,NA,NA,NA
2019-03-29 00:00:00,121.33,200.04,37.74,40.00,47.42,42.59,17.68,1.69,13.00,2.18,NA,NA,NA,NA,NA,NA,NA,NA,NA,NA,NA,NA,NA,NA
2019-03-30 00:00:00,148.91,224.30,42.59,34.75,52.78,24.98,19.93,1.68,15.32,4.40,NA,NA,NA,NA,NA,NA,NA,NA,NA,NA,NA,NA,NA,NA
2019-03-31 00:00:00,60.28,97.20,24.29,28.94,7.09,16.63,17.88,0.69,18.87,3.34,NA,NA,NA,NA,NA,NA,NA,NA,NA,NA,NA,NA,NA,NA
2019-04-01 00:00:00,63.44,113.09,10.55,22.92,11.21,12.21,20.01,0.74,18.75,3.46,NA,NA,NA,NA,NA,NA,NA,NA,NA,NA,NA,NA,NA,NA
2019-04-02 00:00:00,94.46,151.64,25.83,31.45,37.59,18.43,22.73,1.14,16.09,3.90,NA,NA,NA,NA,NA,NA,NA,NA,NA,NA,NA,NA,NA,NA
2019-04-03 00:00:00,82.63,130.42,24.28,30.33,35.51,17.63,16.99,1.28,15.57,3.83,NA,NA,NA,NA,NA,NA,NA,NA,NA,NA,NA,NA,NA,NA
2019-04-04 00:00:00,155.09,227.52,43.50,39.11,33.52,26.61,25.95,2.42,18.16,5.10,NA,NA,NA,NA,NA,NA,NA,NA,NA,NA,NA,NA,NA,NA
2019-04-05 00:00:00,136.76,240.44,78.23,39.47,84.47,38.67,20.19,2.37,20.48,5.05,NA,NA,NA,NA,NA,NA,NA,NA,NA,NA,NA,NA,NA,NA
2019-04-06 00:00:00,99.54,290.79,37.45,21.63,41.75,21.84,3.06,1.50,14.55,4.38,NA,NA,NA,NA,NA,NA,NA,NA,NA,NA,NA,NA,NA,NA
2019-04-07 00:00:00,175.50,340.81,77.08,21.65,9.37,35.22,2.72,1.75,11.36,4.31,NA,NA,NA,NA,NA,NA,NA,NA,NA,NA,NA,NA,NA,NA
2019-04-08 00:00:00,84.02,274.82,19.70,30.23,17.65,16.82,5.97,1.18,14.25,3.80,NA,NA,NA,NA,NA,NA,NA,NA,NA,NA,NA,NA,NA,NA
2019-04-09 00:00:00,89.74,220.55,35.44,29.20,33.31,21.28,21.31,2.03,16.93,4.25,NA,NA,NA,NA,NA,NA,NA,NA,NA,NA,NA,NA,NA,NA
2019-04-10 00:00:00,104.92,205.31,NA,NA,0.00,NA,14.84,1.76,16.91,4.89,NA,NA,NA,NA,NA,NA,NA,NA,NA,NA,NA,NA,NA,NA
2019-04-11 00:00:00,69.16,172.42,16.94,26.78,14.10,14.47,19.19,1.17,15.68,3.69,NA,NA,NA,NA,NA,NA,NA,NA,NA,NA,NA,NA,NA,NA
2019-04-12 00:00:00,68.26,194.54,13.99,21.77,22.63,11.66,18.27,0.99,15.15,3.76,NA,NA,NA,NA,NA,NA,NA,NA,NA,NA,NA,NA,NA,NA
2019-04-13 00:00:00,49.81,142.03,17.19,26.74,3.84,13.73,18.69,0.91,12.72,3.65,NA,NA,NA,NA,NA,NA,NA,NA,NA,NA,NA,NA,NA,NA
2019-04-14 00:00:00,47.28,138.42,NA,NA,0.00,NA,20.95,0.79,13.04,3.80,NA,NA,NA,NA,NA,NA,NA,NA,NA,NA,NA,NA,NA,NA
2019-04-15 00:00:00,51.33,139.48,29.66,24.62,21.62,17.88,15.82,1.22,12.05,3.81,NA,NA,NA,NA,NA,NA,NA,NA,NA,NA,NA,NA,NA,NA
2019-04-16 00:00:00,73.80,147.63,18.22,21.43,26.00,13.53,7.89,1.02,12.32,3.80,NA,NA,NA,NA,NA,NA,NA,NA,NA,NA,NA,NA,NA,NA
2019-04-17 00:00:00,31.21,57.08,15.31,19.98,22.24,12.24,6.06,0.86,12.42,3.43,NA,NA,NA,NA,NA,NA,NA,NA,NA,NA,NA,NA,NA,NA
2019-04-18 00:00:00,47.11,75.96,11.64,21.21,20.33,10.92,12.63,0.96,15.24,3.60,NA,NA,NA,NA,NA,NA,NA,NA,NA,NA,NA,NA,NA,NA
2019-04-19 00:00:00,63.61,109.17,19.77,24.06,28.57,14.25,18.59,1.16,13.75,4.46,NA,NA,NA,NA,NA,NA,NA,NA,NA,NA,NA,NA,NA,NA
2019-04-20 00:00:00,89.09,138.05,16.15,29.64,14.53,14.09,20.09,1.47,15.85,3.80,NA,NA,NA,NA,NA,NA,NA,NA,NA,NA,NA,NA,NA,NA
2019-04-21 00:00:00,104.24,158.12,NA,NA,0.00,NA,22.03,1.98,14.63,4.59,NA,NA,NA,NA,NA,NA,NA,NA,NA,NA,NA,NA,NA,NA
2019-04-22 00:00:00,138.90,203.15,NA,NA,0.00,NA,30.62,2.38,16.80,4.17,NA,NA,NA,NA,NA,NA,NA,NA,NA,NA,NA,NA,NA,NA
2019-04-23 00:00:00,111.87,170.97,25.33,32.07,20.20,18.76,18.43,2.63,16.08,5.31,NA,NA,NA,NA,NA,NA,NA,NA,NA,NA,NA,NA,NA,NA
2019-04-24 00:00:00,101.25,177.37,17.28,31.97,10.40,15.52,14.42,1.68,15.54,3.67,NA,NA,NA,NA,NA,NA,NA,NA,NA,NA,NA,NA,NA,NA
2019-04-25 00:00:00,97.03,216.23,20.51,30.78,11.06,16.63,16.08,1.47,19.95,3.09,NA,NA,NA,NA,NA,NA,NA,NA,NA,NA,NA,NA,NA,NA
2019-04-26 00:00:00,86.98,168.89,32.78,26.79,16.75,21.11,23.36,1.41,17.48,3.15,NA,NA,NA,NA,NA,NA,NA,NA,NA,NA,NA,NA,NA,NA
2019-04-27 00:00:00,72.00,168.00,20.80,15.20,23.33,26.90,6.81,1.61,3.70,NA,NA,NA,NA,NA,NA,NA,NA,NA,NA,NA,NA,NA,NA,NA
2019-04-28 00:00:00,NA,NA,NA,NA,NA,NA,NA,NA,NA,NA,NA,NA,NA,NA,NA,NA,NA,NA,NA,NA,NA,NA,NA,NA
2019-04-29 00:00:00,88.14,203.80,56.94,72.48,82.47,47.20,13.88,2.19,16.67,2.58,NA,NA,NA,NA,NA,NA,NA,NA,NA,NA,NA,NA,NA,NA
2019-04-30 00:00:00,109.22,255.13,87.07,92.15,22.70,62.44,29.62,2.12,11.78,2.57,NA,NA,NA,NA,NA,NA,NA,NA,NA,NA,NA,NA,NA,NA
2019-05-01 00:00:00,130.38,296.27,64.09,101.00,46.69,59.55,37.77,2.33,19.54,2.64,NA,NA,NA,NA,NA,NA,NA,NA,NA,NA,NA,NA,NA,NA
2019-05-02 00:00:00,80.05,221.38,26.84,80.41,41.29,42.44,22.22,1.73,18.11,2.53,NA,NA,NA,NA,NA,NA,NA,NA,NA,NA,NA,NA,NA,NA
2019-05-03 00:00:00,58.07,133.81,26.83,79.54,63.89,42.57,20.81,1.77,16.65,2.55,NA,NA,NA,NA,NA,NA,NA,NA,NA,NA,NA,NA,NA,NA
2019-05-04 00:00:00,75.61,168.45,27.08,81.67,65.27,42.09,14.89,1.78,15.19,2.57,NA,NA,NA,NA,NA,NA,NA,NA,NA,NA,NA,NA,NA,NA
2019-05-05 00:00:00,96.86,182.98,20.10,90.21,13.53,38.83,20.41,2.22,14.71,2.55,NA,NA,NA,NA,NA,NA,NA,NA,NA,NA,NA,NA,NA,NA
2019-05-06 00:00:00,107.21,208.23,69.55,93.59,60.08,57.56,19.76,2.75,14.30,2.60,NA,NA,NA,NA,NA,NA,NA,NA,NA,NA,NA,NA,NA,NA
2019-05-07 00:00:00,110.08,287.21,107.22,114.07,133.26,80.20,18.08,2.97,9.60,2.76,NA,NA,NA,NA,NA,NA,NA,NA,NA,NA,NA,NA,NA,NA
2019-05-08 00:00:00,109.31,311.06,114.32,137.32,80.33,88.07,18.20,2.94,11.49,2.84,NA,NA,NA,NA,NA,NA,NA,NA,NA,NA,NA,NA,NA,NA
2019-05-09 00:00:00,113.76,318.55,26.19,108.73,36.34,45.56,21.37,2.25,9.55,1.90,NA,NA,NA,NA,NA,NA,NA,NA,NA,NA,NA,NA,NA,NA
2019-05-10 00:00:00,75.82,268.28,17.13,86.74,59.68,36.80,12.96,1.86,13.82,0.57,NA,NA,NA,NA,NA,NA,NA,NA,NA,NA,NA,NA,NA,NA
2019-05-11 00:00:00,102.78,256.34,19.89,98.28,67.96,45.02,20.34,2.11,18.06,0.76,NA,NA,NA,NA,NA,NA,NA,NA,NA,NA,NA,NA,NA,NA
2019-05-12 00:00:00,143.58,392.07,26.60,106.40,78.01,52.11,14.38,2.39,16.52,0.64,NA,NA,NA,NA,NA,NA,NA,NA,NA,NA,NA,NA,NA,NA
2019-05-13 00:00:00,187.79,331.28,38.02,116.88,92.84,56.11,32.73,2.84,19.34,0.52,NA,NA,NA,NA,NA,NA,NA,NA,NA,NA,NA,NA,NA,NA
2019-05-14 00:00:00,59.69,123.12,26.78,89.25,69.05,48.81,9.28,2.33,17.04,0.51,NA,NA,NA,NA,NA,NA,NA,NA,NA,NA,NA,NA,NA,NA
2019-05-15 00:00:00,97.60,203.09,64.14,87.77,98.77,60.46,15.28,3.20,8.65,0.70,NA,NA,NA,NA,NA,NA,NA,NA,NA,NA,NA,NA,NA,NA
2019-05-16 00:00:00,74.51,209.44,41.51,71.68,71.78,47.77,9.96,2.71,13.32,0.87,NA,NA,NA,NA,NA,NA,NA,NA,NA,NA,NA,NA,NA,NA
2019-05-17 00:00:00,68.85,320.52,41.07,77.72,74.64,48.52,7.47,2.57,13.16,0.87,NA,NA,NA,NA,NA,NA,NA,NA,NA,NA,NA,NA,NA,NA
2019-05-18 00:00:00,42.75,91.49,14.18,59.86,42.90,34.33,5.22,2.01,15.97,0.66,NA,NA,NA,NA,NA,NA,NA,NA,NA,NA,NA,NA,NA,NA
2019-05-19 00:00:00,81.37,143.01,21.83,82.58,61.51,43.64,11.33,2.31,19.07,0.77,NA,NA,NA,NA,NA,NA,NA,NA,NA,NA,NA,NA,NA,NA
2019-05-20 00:00:00,92.71,187.19,39.23,95.48,82.47,52.51,15.11,2.58,16.51,0.97,NA,NA,NA,NA,NA,NA,NA,NA,NA,NA,NA,NA,NA,NA
2019-05-21 00:00:00,81.05,157.87,23.75,86.00,64.91,45.25,16.69,2.26,16.29,0.76,NA,NA,NA,NA,NA,NA,NA,NA,NA,NA,NA,NA,NA,NA
2019-05-22 00:00:00,62.79,148.20,40.24,78.00,74.11,48.63,10.65,2.62,9.56,0.78,NA,NA,NA,NA,NA,NA,NA,NA,NA,NA,NA,NA,NA,NA
2019-05-23 00:00:00,90.90,174.97,31.60,89.78,54.07,41.76,17.19,2.78,16.88,0.92,NA,NA,NA,NA,NA,NA,NA,NA,NA,NA,NA,NA,NA,NA
2019-05-24 00:00:00,44.69,107.31,9.06,76.16,36.55,31.99,5.07,2.36,14.67,0.75,NA,NA,NA,NA,NA,NA,NA,NA,NA,NA,NA,NA,NA,NA
2019-05-25 00:00:00,41.59,93.97,34.66,69.64,42.68,44.01,7.54,2.10,20.97,0.73,NA,NA,NA,NA,NA,NA,NA,NA,NA,NA,NA,NA,NA,NA
2019-05-26 00:00:00,57.28,114.11,3.42,76.27,26.43,30.52,16.22,2.33,20.71,0.75,NA,NA,NA,NA,NA,NA,NA,NA,NA,NA,NA,NA,NA,NA
2019-05-27 00:00:00,68.02,149.68,144.87,92.26,134.62,72.28,17.03,2.87,17.18,0.86,NA,NA,NA,NA,NA,NA,NA,NA,NA,NA,NA,NA,NA,NA
2019-05-28 00:00:00,66.59,145.67,107.78,113.89,136.13,135.72,20.13,2.76,17.17,0.84,NA,NA,NA,NA,NA,NA,NA,NA,NA,NA,NA,NA,NA,NA
2019-05-29 00:00:00,73.02,157.79,29.97,126.53,163.75,87.47,23.21,3.09,17.27,0.88,NA,NA,NA,NA,NA,NA,NA,NA,NA,NA,NA,NA,NA,NA
2019-05-30 00:00:00,78.05,180.60,204.49,114.06,201.64,89.60,18.40,3.53,15.69,1.05,NA,NA,NA,NA,NA,NA,NA,NA,NA,NA,NA,NA,NA,NA
2019-05-31 00:00:00,82.31,285.84,15.99,128.98,40.34,171.50,19.49,3.49,18.06,0.79,NA,NA,NA,NA,NA,NA,NA,NA,NA,NA,NA,NA,NA,NA
2019-06-01 00:00:00,99.86,241.79,95.56,87.93,117.85,71.73,14.82,3.64,41.80,0.98,NA,NA,NA,NA,NA,NA,NA,NA,NA,NA,NA,NA,NA,NA
2019-06-02 00:00:00,80.63,187.63,131.74,88.45,136.48,71.48,5.34,2.94,35.45,0.70,NA,NA,NA,NA,NA,NA,NA,NA,NA,NA,NA,NA,NA,NA
2019-06-03 00:00:00,63.16,236.76,211.17,98.61,235.99,109.85,6.52,2.97,27.13,0.61,NA,NA,NA,NA,NA,NA,NA,NA,NA,NA,NA,NA,NA,NA
2019-06-04 00:00:00,61.28,144.69,245.47,104.64,215.77,108.43,10.04,3.12,28.26,0.63,NA,NA,NA,NA,NA,NA,NA,NA,NA,NA,NA,NA,NA,NA
2019-06-05 00:00:00,79.38,178.89,125.90,79.45,132.04,79.86,9.22,3.21,28.47,0.75,NA,NA,NA,NA,NA,NA,NA,NA,NA,NA,NA,NA,NA,NA
2019-06-06 00:00:00,76.87,178.36,160.44,119.08,180.68,124.63,15.72,2.97,32.15,0.67,NA,NA,NA,NA,NA,NA,NA,NA,NA,NA,NA,NA,NA,NA
2019-06-07 00:00:00,63.99,132.13,208.15,102.76,219.09,113.83,14.75,3.01,35.54,0.58,NA,NA,NA,NA,NA,NA,NA,NA,NA,NA,NA,NA,NA,NA
2019-06-08 00:00:00,86.07,166.72,49.40,95.71,134.35,174.81,8.64,3.70,51.78,0.80,NA,NA,NA,NA,NA,NA,NA,NA,NA,NA,NA,NA,NA,NA
2019-06-09 00:00:00,114.02,204.47,97.58,87.80,85.25,66.29,21.48,4.44,55.48,1.31,NA,NA,NA,NA,NA,NA,NA,NA,NA,NA,NA,NA,NA,NA
2019-06-10 00:00:00,81.66,171.80,122.69,92.44,129.97,111.28,14.12,3.98,54.88,0.90,NA,NA,NA,NA,NA,NA,NA,NA,NA,NA,NA,NA,NA,NA
2019-06-11 00:00:00,118.96,426.51,152.40,100.37,171.22,138.84,10.29,3.36,27.99,0.83,NA,NA,NA,NA,NA,NA,NA,NA,NA,NA,NA,NA,NA,NA
2019-06-12 00:00:00,61.99,193.07,197.54,103.21,191.57,141.24,10.35,2.93,36.61,0.65,NA,NA,NA,NA,NA,NA,NA,NA,NA,NA,NA,NA,NA,NA
2019-06-13 00:00:00,55.08,148.47,39.05,68.15,54.00,66.23,9.72,2.69,41.44,1.32,NA,NA,NA,NA,NA,NA,NA,NA,NA,NA,NA,NA,NA,NA
2019-06-14 00:00:00,50.32,148.41,24.17,35.56,34.76,25.00,9.62,2.62,57.98,2.25,NA,NA,NA,NA,NA,NA,NA,NA,NA,NA,NA,NA,NA,NA
2019-06-15 00:00:00,70.24,213.12,37.87,24.03,40.06,25.19,15.34,2.74,55.75,3.10,NA,NA,NA,NA,NA,NA,NA,NA,NA,NA,NA,NA,NA,NA
2019-06-16 00:00:00,32.47,113.78,36.25,8.13,25.98,14.16,5.55,2.17,42.05,2.26,NA,NA,NA,NA,NA,NA,NA,NA,NA,NA,NA,NA,NA,NA
2019-06-17 00:00:00,32.85,104.67,36.89,8.69,27.43,14.85,7.57,2.24,38.54,2.29,NA,NA,NA,NA,NA,NA,NA,NA,NA,NA,NA,NA,NA,NA
2019-06-18 00:00:00,26.85,66.98,40.11,9.66,32.13,17.59,3.63,2.44,39.42,2.41,NA,NA,NA,NA,NA,NA,NA,NA,NA,NA,NA,NA,NA,NA
2019-06-19 00:00:00,97.81,212.43,45.86,10.51,38.07,21.49,7.19,2.67,39.12,2.82,NA,NA,NA,NA,NA,NA,NA,NA,NA,NA,NA,NA,NA,NA
2019-06-20 00:00:00,44.46,117.67,41.46,12.23,34.14,19.39,5.66,2.49,56.24,2.50,NA,NA,NA,NA,NA,NA,NA,NA,NA,NA,NA,NA,NA,NA
2019-06-21 00:00:00,75.00,165.45,35.67,22.44,38.60,21.94,9.06,2.78,39.41,2.57,NA,NA,NA,NA,NA,NA,NA,NA,NA,NA,NA,NA,NA,NA
2019-06-22 00:00:00,64.11,136.37,12.63,30.25,24.96,23.56,13.38,2.50,69.04,2.33,NA,NA,NA,NA,NA,NA,NA,NA,NA,NA,NA,NA,NA,NA
2019-06-23 00:00:00,40.79,92.21,11.87,31.06,25.11,23.11,4.12,2.35,32.79,2.40,NA,NA,NA,NA,NA,NA,NA,NA,NA,NA,NA,NA,NA,NA
2019-06-24 00:00:00,27.29,65.14,14.32,30.98,27.07,24.95,3.60,2.42,12.44,2.24,NA,NA,NA,NA,NA,NA,NA,NA,NA,NA,NA,NA,NA,NA
2019-06-25 00:00:00,54.84,104.97,13.45,28.87,25.44,23.21,1.92,1.91,39.03,2.54,NA,NA,NA,NA,NA,NA,NA,NA,NA,NA,NA,NA,NA,NA
2019-06-26 00:00:00,69.11,125.52,14.91,27.01,25.32,22.97,3.83,1.43,37.54,2.53,NA,NA,NA,NA,NA,NA,NA,NA,NA,NA,NA,NA,NA,NA
2019-06-27 00:00:00,73.39,172.85,18.17,25.60,27.32,25.82,8.70,1.43,36.88,2.54,NA,NA,NA,NA,NA,NA,NA,NA,NA,NA,NA,NA,NA,NA
2019-06-28 00:00:00,54.07,166.80,20.37,24.66,29.42,27.32,7.93,1.36,27.56,2.73,NA,NA,NA,NA,NA,NA,NA,NA,NA,NA,NA,NA,NA,NA
2019-06-29 00:00:00,48.94,194.58,15.02,19.27,22.34,19.66,5.76,1.36,27.36,2.51,NA,NA,NA,NA,NA,NA,NA,NA,NA,NA,NA,NA,NA,NA
2019-06-30 00:00:00,60.81,211.21,21.44,23.73,30.10,25.14,7.11,1.44,26.17,2.94,NA,NA,NA,NA,NA,NA,NA,NA,NA,NA,NA,NA,NA,NA
2019-07-01 00:00:00,56.39,150.78,14.16,24.39,24.40,23.17,7.88,1.35,45.39,2.28,NA,NA,NA,NA,NA,NA,NA,NA,NA,NA,NA,NA,NA,NA
2019-07-02 00:00:00,75.81,193.47,12.18,21.39,21.01,22.81,7.52,1.35,52.78,2.23,NA,NA,NA,NA,NA,NA,NA,NA,NA,NA,NA,NA,NA,NA
2019-07-03 00:00:00,39.66,75.51,23.26,43.90,41.99,19.18,1.73,1.49,18.28,2.36,NA,NA,NA,NA,NA,NA,NA,NA,NA,NA,NA,NA,NA,NA
2019-07-04 00:00:00,46.91,82.99,26.91,36.85,41.06,16.63,1.56,1.50,14.39,2.40,NA,NA,NA,NA,NA,NA,NA,NA,NA,NA,NA,NA,NA,NA
2019-07-05 00:00:00,57.27,89.91,28.04,37.68,42.53,17.23,1.39,1.53,13.14,2.83,NA,NA,NA,NA,NA,NA,NA,NA,NA,NA,NA,NA,NA,NA
2019-07-06 00:00:00,38.03,67.61,31.41,31.44,42.21,16.49,1.42,1.43,17.65,2.61,NA,NA,NA,NA,NA,NA,NA,NA,NA,NA,NA,NA,NA,NA
2019-07-07 00:00:00,45.07,78.61,NA,NA,NA,NA,1.54,1.38,27.66,2.69,NA,NA,NA,NA,NA,NA,NA,NA,NA,NA,NA,NA,NA,NA
2019-07-08 00:00:00,53.62,112.22,21.26,46.62,41.97,16.57,1.42,1.44,25.39,2.80,NA,NA,NA,NA,NA,NA,NA,NA,NA,NA,NA,NA,NA,NA
2019-07-09 00:00:00,37.41,81.73,19.45,49.69,36.61,18.89,2.26,1.31,15.06,2.71,NA,NA,NA,NA,NA,NA,NA,NA,NA,NA,NA,NA,NA,NA
2019-07-10 00:00:00,65.13,196.48,20.54,75.30,46.98,26.28,3.09,1.32,16.15,2.28,NA,NA,NA,NA,NA,NA,NA,NA,NA,NA,NA,NA,NA,NA
2019-07-11 00:00:00,60.09,227.34,17.71,123.47,67.58,33.67,2.93,1.22,17.93,2.40,NA,NA,NA,NA,NA,NA,NA,NA,NA,NA,NA,NA,NA,NA
2019-07-12 00:00:00,57.73,253.87,18.13,67.24,45.49,23.09,2.94,1.77,13.89,3.19,NA,NA,NA,NA,NA,NA,NA,NA,NA,NA,NA,NA,NA,NA
2019-07-13 00:00:00,53.85,224.18,10.28,23.68,19.11,12.39,2.54,2.05,9.11,3.41,NA,NA,NA,NA,NA,NA,NA,NA,NA,NA,NA,NA,NA,NA
2019-07-14 00:00:00,51.68,216.58,10.87,23.10,19.73,11.84,2.75,2.08,10.28,3.54,NA,NA,NA,NA,NA,NA,NA,NA,NA,NA,NA,NA,NA,NA
2019-07-15 00:00:00,31.82,78.49,15.66,25.57,25.35,13.23,3.24,2.37,8.46,3.51,NA,NA,NA,NA,NA,NA,NA,NA,NA,NA,NA,NA,NA,NA
2019-07-16 00:00:00,32.28,79.53,12.13,27.62,22.57,12.46,3.08,2.23,9.61,4.59,NA,NA,NA,NA,NA,NA,NA,NA,NA,NA,NA,NA,NA,NA
2019-07-17 00:00:00,40.35,78.08,10.81,20.63,18.14,8.15,3.03,1.52,15.29,5.61,NA,NA,NA,NA,NA,NA,NA,NA,NA,NA,NA,NA,NA,NA
2019-07-18 00:00:00,34.97,71.11,14.54,28.59,25.13,9.25,2.97,0.85,18.34,3.67,NA,NA,NA,NA,NA,NA,NA,NA,NA,NA,NA,NA,NA,NA
2019-07-19 00:00:00,60.53,135.72,21.73,33.89,34.57,11.96,3.46,1.18,34.27,4.36,NA,NA,NA,NA,NA,NA,NA,NA,NA,NA,NA,NA,NA,NA
2019-07-20 00:00:00,51.58,109.55,12.52,28.98,24.20,8.58,2.92,0.90,20.24,3.47,NA,NA,NA,NA,NA,NA,NA,NA,NA,NA,NA,NA,NA,NA
2019-07-21 00:00:00,55.26,113.60,13.39,27.76,24.52,8.94,2.80,0.74,21.08,8.12,NA,NA,NA,NA,NA,NA,NA,NA,NA,NA,NA,NA,NA,NA
2019-07-22 00:00:00,57.89,120.29,24.20,33.62,36.94,12.05,3.18,1.35,24.92,2.37,NA,NA,NA,NA,NA,NA,NA,NA,NA,NA,NA,NA,NA,NA
2019-07-23 00:00:00,82.64,172.19,21.47,35.37,35.57,21.01,3.20,0.99,13.82,2.52,NA,NA,NA,NA,NA,NA,NA,NA,NA,NA,NA,NA,NA,NA
2019-07-24 00:00:00,74.01,130.32,18.37,30.88,29.71,18.49,3.08,0.87,15.62,2.48,NA,NA,NA,NA,NA,NA,NA,NA,NA,NA,NA,NA,NA,NA
2019-07-25 00:00:00,27.43,43.41,11.92,21.77,18.67,15.04,2.59,0.33,16.41,2.41,NA,NA,NA,NA,NA,NA,NA,NA,NA,NA,NA,NA,NA,NA
2019-07-26 00:00:00,37.31,51.67,11.51,23.76,19.64,13.65,2.89,0.49,15.19,2.47,NA,NA,NA,NA,NA,NA,NA,NA,NA,NA,NA,NA,NA,NA
2019-07-27 00:00:00,28.34,44.00,12.10,17.99,18.34,9.59,2.58,0.47,25.16,NA,NA,NA,NA,NA,NA,NA,NA,NA,NA,NA,NA,NA,NA,NA
2019-07-28 00:00:00,20.65,49.27,11.71,14.76,16.18,12.36,2.43,0.38,43.02,NA,NA,NA,NA,NA,NA,NA,NA,NA,NA,NA,NA,NA,NA,NA
2019-07-29 00:00:00,23.92,53.15,11.97,19.20,18.23,15.97,2.64,0.44,18.67,NA,NA,NA,NA,NA,NA,NA,NA,NA,NA,NA,NA,NA,NA,NA
2019-07-30 00:00:00,31.99,65.83,10.81,17.72,16.52,10.29,2.73,0.45,15.56,NA,NA,NA,NA,NA,NA,NA,NA,NA,NA,NA,NA,NA,NA,NA
2019-07-31 00:00:00,30.56,62.19,8.77,15.05,12.98,4.95,3.00,0.54,10.33,2.41,NA,NA,NA,NA,NA,NA,NA,NA,NA,NA,NA,NA,NA,NA
2019-08-01 00:00:00,41.05,70.59,8.14,16.62,12.71,5.13,2.85,0.51,30.68,2.45,NA,NA,NA,NA,NA,NA,NA,NA,NA,NA,NA,NA,NA,NA
2019-08-02 00:00:00,44.78,67.76,7.69,15.93,12.06,4.97,2.86,0.46,24.63,2.59,NA,NA,NA,NA,NA,NA,NA,NA,NA,NA,NA,NA,NA,NA
2019-08-03 00:00:00,43.98,63.79,7.46,14.96,11.26,4.49,2.58,0.42,28.83,2.64,NA,NA,NA,NA,NA,NA,NA,NA,NA,NA,NA,NA,NA,NA
2019-08-04 00:00:00,57.28,81.41,7.85,14.52,11.66,4.58,3.20,0.39,31.00,2.69,NA,NA,NA,NA,NA,NA,NA,NA,NA,NA,NA,NA,NA,NA
2019-08-05 00:00:00,61.05,76.28,7.47,17.16,11.93,5.08,3.04,0.48,33.40,2.48,NA,NA,NA,NA,NA,NA,NA,NA,NA,NA,NA,NA,NA,NA
2019-08-06 00:00:00,42.65,70.00,7.54,16.58,12.04,4.92,2.84,0.45,28.72,2.54,NA,NA,NA,NA,NA,NA,NA,NA,NA,NA,NA,NA,NA,NA
2019-08-07 00:00:00,42.77,78.18,7.16,14.47,11.09,4.38,3.15,0.48,24.56,2.70,NA,NA,NA,NA,NA,NA,NA,NA,NA,NA,NA,NA,NA,NA
2019-08-08 00:00:00,30.08,64.00,7.76,14.66,11.44,4.69,3.03,0.35,30.46,2.65,NA,NA,NA,NA,NA,NA,NA,NA,NA,NA,NA,NA,NA,NA
2019-08-09 00:00:00,18.83,48.40,7.52,16.10,11.73,4.92,2.41,0.19,25.37,2.41,NA,NA,NA,NA,NA,NA,NA,NA,NA,NA,NA,NA,NA,NA
2019-08-10 00:00:00,21.46,40.79,6.77,13.21,10.61,4.07,2.77,0.23,28.91,2.46,NA,NA,NA,NA,NA,NA,NA,NA,NA,NA,NA,NA,NA,NA
2019-08-11 00:00:00,28.46,51.29,7.13,13.57,10.77,4.31,2.71,0.13,30.95,2.54,NA,NA,NA,NA,NA,NA,NA,NA,NA,NA,NA,NA,NA,NA
2019-08-12 00:00:00,23.55,38.59,7.29,14.28,11.08,4.51,2.54,0.15,34.74,2.51,NA,NA,NA,NA,NA,NA,NA,NA,NA,NA,NA,NA,NA,NA
2019-08-13 00:00:00,24.90,45.48,8.45,15.45,12.52,4.90,2.69,0.69,34.40,2.61,NA,NA,NA,NA,NA,NA,NA,NA,NA,NA,NA,NA,NA,NA
2019-08-14 00:00:00,43.23,67.80,8.47,20.28,13.63,5.91,3.08,1.00,28.80,2.76,NA,NA,NA,NA,NA,NA,NA,NA,NA,NA,NA,NA,NA,NA
2019-08-15 00:00:00,30.99,51.63,7.67,15.37,11.48,4.97,2.78,0.68,12.69,2.90,NA,NA,NA,NA,NA,NA,NA,NA,NA,NA,NA,NA,NA,NA
2019-08-16 00:00:00,20.08,38.02,8.71,14.93,12.50,4.99,2.70,0.76,10.35,2.53,NA,NA,NA,NA,NA,NA,NA,NA,NA,NA,NA,NA,NA,NA
2019-08-17 00:00:00,12.13,22.43,9.01,18.71,13.74,5.95,2.44,0.62,6.14,2.60,NA,NA,NA,NA,NA,NA,NA,NA,NA,NA,NA,NA,NA,NA
2019-08-18 00:00:00,22.31,49.05,8.69,12.19,10.75,4.77,1.97,0.80,5.94,2.70,NA,NA,NA,NA,NA,NA,NA,NA,NA,NA,NA,NA,NA,NA
2019-08-19 00:00:00,49.55,81.43,10.06,18.30,14.08,6.13,2.16,1.06,21.96,2.88,NA,NA,NA,NA,NA,NA,NA,NA,NA,NA,NA,NA,NA,NA
2019-08-20 00:00:00,52.59,86.37,9.63,16.99,13.31,5.99,2.12,0.96,39.61,2.86,NA,NA,NA,NA,NA,NA,NA,NA,NA,NA,NA,NA,NA,NA
2019-08-21 00:00:00,51.80,96.76,8.74,15.00,11.90,5.41,1.88,0.82,45.36,2.79,NA,NA,NA,NA,NA,NA,NA,NA,NA,NA,NA,NA,NA,NA
2019-08-22 00:00:00,50.19,98.20,9.73,16.00,13.35,5.81,2.30,1.01,34.58,2.80,NA,NA,NA,NA,NA,NA,NA,NA,NA,NA,NA,NA,NA,NA
2019-08-23 00:00:00,56.15,118.98,8.56,12.00,10.86,4.74,2.03,0.85,36.58,2.72,NA,NA,NA,NA,NA,NA,NA,NA,NA,NA,NA,NA,NA,NA
2019-08-24 00:00:00,57.11,98.44,7.17,10.23,8.69,4.23,NA,0.90,58.67,2.76,NA,NA,NA,NA,NA,NA,NA,NA,NA,NA,NA,NA,NA,NA
2019-08-25 00:00:00,35.48,58.57,7.49,13.27,10.46,4.65,NA,NA,NA,NA,NA,NA,NA,NA,NA,NA,NA,NA,NA,NA,NA,NA,NA,NA
2019-08-26 00:00:00,28.82,58.21,8.98,16.73,12.60,5.82,2.39,1.49,17.50,2.75,NA,NA,NA,NA,NA,NA,NA,NA,NA,NA,NA,NA,NA,NA
2019-08-27 00:00:00,46.51,83.87,8.51,12.79,11.16,4.74,2.51,1.07,31.96,2.77,NA,NA,NA,NA,NA,NA,NA,NA,NA,NA,NA,NA,NA,NA
2019-08-28 00:00:00,46.84,77.40,9.09,12.53,11.35,4.89,2.39,0.91,22.08,2.77,NA,NA,NA,NA,NA,NA,NA,NA,NA,NA,NA,NA,NA,NA
2019-08-29 00:00:00,40.37,70.29,8.76,13.68,11.36,4.84,2.16,0.81,13.65,2.76,NA,NA,NA,NA,NA,NA,NA,NA,NA,NA,NA,NA,NA,NA
2019-08-30 00:00:00,42.10,76.00,8.28,15.10,11.22,5.15,2.32,0.75,49.75,2.78,NA,NA,NA,NA,NA,NA,NA,NA,NA,NA,NA,NA,NA,NA
2019-08-31 00:00:00,41.50,80.00,7.64,17.53,11.84,6.05,2.02,0.96,17.50,2.68,NA,NA,NA,NA,NA,NA,NA,NA,NA,NA,NA,NA,NA,NA
2019-09-01 00:00:00,NA,NA,NA,NA,NA,NA,NA,NA,NA,NA,NA,NA,NA,NA,NA,NA,NA,NA,NA,NA,NA,NA,NA,NA
2019-09-02 00:00:00,63.78,101.11,7.82,13.38,10.49,4.96,2.13,0.83,69.06,2.76,NA,NA,NA,NA,NA,NA,NA,NA,NA,NA,NA,NA,NA,NA
2019-09-03 00:00:00,64.39,101.40,7.60,12.02,9.87,4.49,2.15,0.82,44.16,2.70,NA,NA,NA,NA,NA,NA,NA,NA,NA,NA,NA,NA,NA,NA
2019-09-04 00:00:00,63.70,96.04,7.45,13.23,10.29,4.85,2.18,0.94,43.41,2.78,NA,NA,NA,NA,NA,NA,NA,NA,NA,NA,NA,NA,NA,NA
2019-09-05 00:00:00,36.60,55.37,7.74,11.76,9.98,4.45,2.18,0.79,31.75,2.71,NA,NA,NA,NA,NA,NA,NA,NA,NA,NA,NA,NA,NA,NA
2019-09-06 00:00:00,39.32,56.87,7.70,13.71,10.98,4.98,1.73,0.72,38.04,2.84,NA,NA,NA,NA,NA,NA,NA,NA,NA,NA,NA,NA,NA,NA
2019-09-07 00:00:00,37.02,62.23,7.75,13.11,10.55,4.79,2.30,0.77,33.98,2.74,NA,NA,NA,NA,NA,NA,NA,NA,NA,NA,NA,NA,NA,NA
2019-09-08 00:00:00,39.55,65.99,7.08,13.81,10.12,4.71,1.89,0.55,37.53,2.74,NA,NA,NA,NA,NA,NA,NA,NA,NA,NA,NA,NA,NA,NA
2019-09-09 00:00:00,60.08,97.44,7.26,14.66,10.29,5.02,2.09,0.71,41.75,3.13,NA,NA,NA,NA,NA,NA,NA,NA,NA,NA,NA,NA,NA,NA
2019-09-10 00:00:00,70.74,112.83,7.53,13.41,10.38,4.73,2.68,0.88,43.54,2.76,NA,NA,NA,NA,NA,NA,NA,NA,NA,NA,NA,NA,NA,NA
2019-09-11 00:00:00,80.38,134.66,7.82,12.43,10.46,4.57,2.48,1.01,48.73,2.98,NA,NA,NA,NA,NA,NA,NA,NA,NA,NA,NA,NA,NA,NA
2019-09-12 00:00:00,63.21,88.97,7.82,14.55,11.24,5.11,2.23,0.89,20.69,2.91,NA,NA,NA,NA,NA,NA,NA,NA,NA,NA,NA,NA,NA,NA
2019-09-13 00:00:00,35.00,48.09,8.26,18.76,13.90,4.76,2.01,0.72,11.51,2.99,NA,NA,NA,NA,NA,NA,NA,NA,NA,NA,NA,NA,NA,NA
2019-09-14 00:00:00,31.31,39.44,8.19,31.87,20.22,4.66,1.85,0.57,16.98,3.16,NA,NA,NA,NA,NA,NA,NA,NA,NA,NA,NA,NA,NA,NA
2019-09-15 00:00:00,42.52,53.41,9.60,32.05,21.63,4.89,2.06,0.68,12.16,2.96,NA,NA,NA,NA,NA,NA,NA,NA,NA,NA,NA,NA,NA,NA
2019-09-16 00:00:00,57.62,70.15,8.01,35.01,21.02,5.15,2.31,0.83,28.77,3.06,NA,NA,NA,NA,NA,NA,NA,NA,NA,NA,NA,NA,NA,NA
2019-09-17 00:00:00,63.20,97.32,7.93,33.19,20.57,4.73,3.25,0.80,32.22,2.66,NA,NA,NA,NA,NA,NA,NA,NA,NA,NA,NA,NA,NA,NA
2019-09-18 00:00:00,40.55,74.27,8.36,36.34,21.20,5.37,3.27,0.73,18.37,2.62,NA,NA,NA,NA,NA,NA,NA,NA,NA,NA,NA,NA,NA,NA
2019-09-19 00:00:00,23.96,45.43,8.56,34.37,21.48,5.05,3.62,0.70,14.44,2.62,NA,NA,NA,NA,NA,NA,NA,NA,NA,NA,NA,NA,NA,NA
2019-09-20 00:00:00,39.94,72.97,8.18,34.10,21.24,5.02,4.28,0.83,12.66,2.62,NA,NA,NA,NA,NA,NA,NA,NA,NA,NA,NA,NA,NA,NA
2019-09-21 00:00:00,42.46,76.53,10.51,26.87,20.71,4.63,2.60,0.75,16.40,NA,NA,NA,NA,NA,NA,NA,NA,NA,NA,NA,NA,NA,NA,NA
2019-09-22 00:00:00,30.43,61.96,15.02,18.76,21.69,4.25,2.60,0.66,7.72,NA,NA,NA,NA,NA,NA,NA,NA,NA,NA,NA,NA,NA,NA,NA
2019-09-23 00:00:00,32.53,62.45,16.32,18.87,22.48,4.63,2.04,0.71,20.71,NA,NA,NA,NA,NA,NA,NA,NA,NA,NA,NA,NA,NA,NA,NA
2019-09-24 00:00:00,46.09,88.80,13.61,23.68,21.70,5.06,2.56,0.81,31.13,NA,NA,NA,NA,NA,NA,NA,NA,NA,NA,NA,NA,NA,NA,NA
2019-09-25 00:00:00,38.29,76.09,12.60,26.06,21.89,5.44,2.19,0.71,23.58,NA,NA,NA,NA,NA,NA,NA,NA,NA,NA,NA,NA,NA,NA,NA
2019-09-26 00:00:00,23.38,47.98,14.60,19.55,21.27,6.44,3.12,0.67,15.48,NA,NA,NA,NA,NA,NA,NA,NA,NA,NA,NA,NA,NA,NA,NA
2019-09-27 00:00:00,16.47,34.09,13.89,23.73,22.22,10.06,3.57,0.60,15.85,2.62,NA,NA,NA,NA,NA,NA,NA,NA,NA,NA,NA,NA,NA,NA
2019-09-28 00:00:00,24.02,46.71,11.59,25.92,21.15,10.17,8.50,0.56,13.37,2.59,NA,NA,NA,NA,NA,NA,NA,NA,NA,NA,NA,NA,NA,NA
2019-09-29 00:00:00,19.67,37.96,11.15,25.74,20.43,10.15,6.56,0.51,17.87,0.19,NA,NA,NA,NA,NA,NA,NA,NA,NA,NA,NA,NA,NA,NA
2019-09-30 00:00:00,35.38,64.96,13.83,23.51,22.40,10.00,5.40,0.79,19.89,0.18,NA,NA,NA,NA,NA,NA,NA,NA,NA,NA,NA,NA,NA,NA
2019-10-01 00:00:00,34.85,64.34,14.81,20.38,22.16,9.61,4.19,0.78,17.58,0.32,NA,NA,NA,NA,NA,NA,NA,NA,NA,NA,NA,NA,NA,NA
2019-10-02 00:00:00,43.79,76.09,14.21,22.23,22.29,9.73,4.62,0.72,31.46,0.47,NA,NA,NA,NA,NA,NA,NA,NA,NA,NA,NA,NA,NA,NA
2019-10-03 00:00:00,61.38,103.28,15.98,22.15,24.11,10.29,4.75,1.21,37.23,0.68,NA,NA,NA,NA,NA,NA,NA,NA,NA,NA,NA,NA,NA,NA
2019-10-04 00:00:00,47.94,80.33,13.67,21.57,21.65,9.74,3.89,0.61,35.90,0.47,NA,NA,NA,NA,NA,NA,NA,NA,NA,NA,NA,NA,NA,NA
2019-10-05 00:00:00,41.44,82.15,12.05,25.34,21.35,10.01,6.48,0.74,37.12,0.19,NA,NA,NA,NA,NA,NA,NA,NA,NA,NA,NA,NA,NA,NA
2019-10-06 00:00:00,57.77,106.11,10.41,26.30,20.09,9.76,8.25,0.53,48.84,0.16,NA,NA,NA,NA,NA,NA,NA,NA,NA,NA,NA,NA,NA,NA
2019-10-07 00:00:00,54.47,105.36,13.71,20.10,21.12,8.88,4.83,0.52,39.28,0.17,NA,NA,NA,NA,NA,NA,NA,NA,NA,NA,NA,NA,NA,NA
2019-10-08 00:00:00,46.12,86.57,11.65,25.64,21.09,9.65,7.53,0.60,48.12,0.16,NA,NA,NA,NA,NA,NA,NA,NA,NA,NA,NA,NA,NA,NA
2019-10-09 00:00:00,74.68,136.13,14.75,21.84,22.89,9.55,9.48,1.41,36.29,0.21,NA,NA,NA,NA,NA,NA,NA,NA,NA,NA,NA,NA,NA,NA
2019-10-10 00:00:00,97.10,154.18,14.90,22.92,23.16,9.74,10.80,1.19,45.06,0.23,NA,NA,NA,NA,NA,NA,NA,NA,NA,NA,NA,NA,NA,NA
2019-10-11 00:00:00,83.27,130.13,14.77,22.44,23.40,9.99,9.38,1.37,44.53,0.26,NA,NA,NA,NA,NA,NA,NA,NA,NA,NA,NA,NA,NA,NA
2019-10-12 00:00:00,105.95,159.23,13.79,23.58,22.90,9.80,9.29,1.38,46.93,0.18,NA,NA,NA,NA,NA,NA,NA,NA,NA,NA,NA,NA,NA,NA
2019-10-13 00:00:00,131.50,182.89,13.11,26.87,23.21,10.21,10.79,1.56,42.83,0.17,NA,NA,NA,NA,NA,NA,NA,NA,NA,NA,NA,NA,NA,NA
2019-10-14 00:00:00,114.49,164.99,12.09,27.21,22.66,10.24,9.59,1.55,42.60,0.16,NA,NA,NA,NA,NA,NA,NA,NA,NA,NA,NA,NA,NA,NA
2019-10-15 00:00:00,131.53,199.73,14.60,26.42,24.96,10.61,11.92,2.40,35.05,1.32,NA,NA,NA,NA,NA,NA,NA,NA,NA,NA,NA,NA,NA,NA
2019-10-16 00:00:00,140.28,185.45,15.98,24.49,24.76,10.11,9.09,1.98,30.78,2.32,NA,NA,NA,NA,NA,NA,NA,NA,NA,NA,NA,NA,NA,NA
2019-10-17 00:00:00,109.91,142.68,13.94,25.04,23.47,9.86,10.99,1.11,23.53,1.40,NA,NA,NA,NA,NA,NA,NA,NA,NA,NA,NA,NA,NA,NA
2019-10-18 00:00:00,83.03,123.26,14.05,24.28,23.12,9.87,8.34,0.44,43.33,0.96,NA,NA,NA,NA,NA,NA,NA,NA,NA,NA,NA,NA,NA,NA
2019-10-19 00:00:00,82.86,123.17,11.91,24.98,21.64,9.61,7.99,0.48,28.63,0.83,NA,NA,NA,NA,NA,NA,NA,NA,NA,NA,NA,NA,NA,NA
2019-10-20 00:00:00,93.05,137.08,12.58,25.14,22.51,9.57,9.30,0.45,48.57,1.06,NA,NA,NA,NA,NA,NA,NA,NA,NA,NA,NA,NA,NA,NA
2019-10-21 00:00:00,109.13,151.59,13.58,22.34,21.55,9.26,9.67,0.40,36.68,0.62,NA,NA,NA,NA,NA,NA,NA,NA,NA,NA,NA,NA,NA,NA
2019-10-22 00:00:00,74.34,116.21,21.20,12.12,23.30,8.10,7.13,0.45,41.49,0.69,NA,NA,NA,NA,NA,NA,NA,NA,NA,NA,NA,NA,NA,NA
2019-10-23 00:00:00,115.72,178.62,23.60,11.66,25.07,8.68,9.86,0.92,32.30,1.59,NA,NA,NA,NA,NA,NA,NA,NA,NA,NA,NA,NA,NA,NA
2019-10-24 00:00:00,175.88,259.51,24.07,12.17,25.76,9.20,14.22,1.47,23.29,4.03,NA,NA,NA,NA,NA,NA,NA,NA,NA,NA,NA,NA,NA,NA
2019-10-25 00:00:00,127.25,199.85,23.87,10.37,24.78,8.59,12.01,0.93,39.66,2.63,NA,NA,NA,NA,NA,NA,NA,NA,NA,NA,NA,NA,NA,NA
2019-10-26 00:00:00,148.11,206.32,22.47,14.41,25.32,9.24,9.69,0.94,39.62,1.17,NA,NA,NA,NA,NA,NA,NA,NA,NA,NA,NA,NA,NA,NA
2019-10-27 00:00:00,199.90,247.77,22.77,13.22,24.74,9.01,7.96,0.65,56.60,1.16,NA,NA,NA,NA,NA,NA,NA,NA,NA,NA,NA,NA,NA,NA
2019-10-28 00:00:00,295.34,320.40,23.65,9.46,23.86,8.29,13.88,0.78,45.59,1.20,NA,NA,NA,NA,NA,NA,NA,NA,NA,NA,NA,NA,NA,NA
2019-10-29 00:00:00,277.32,343.64,24.92,10.21,25.06,8.87,6.85,1.05,16.03,2.61,NA,NA,NA,NA,NA,NA,NA,NA,NA,NA,NA,NA,NA,NA
2019-10-30 00:00:00,276.27,333.01,32.85,17.25,35.21,16.64,7.15,1.06,23.21,2.71,NA,NA,NA,NA,NA,NA,NA,NA,NA,NA,NA,NA,NA,NA
2019-10-31 00:00:00,326.02,406.56,41.41,27.80,51.38,27.52,9.27,1.32,20.34,1.85,NA,NA,NA,NA,NA,NA,NA,NA,NA,NA,NA,NA,NA,NA
2019-11-01 00:00:00,381.05,479.60,NA,NA,NA,NA,7.43,1.10,30.74,2.35,NA,NA,NA,NA,NA,NA,NA,NA,NA,NA,NA,NA,NA,NA
2019-11-02 00:00:00,421.93,512.98,NA,NA,NA,NA,5.20,0.83,39.46,0.99,NA,NA,NA,NA,NA,NA,NA,NA,NA,NA,NA,NA,NA,NA
2019-11-03 00:00:00,512.99,556.41,NA,NA,NA,NA,3.19,0.89,24.34,0.67,NA,NA,NA,NA,NA,NA,NA,NA,NA,NA,NA,NA,NA,NA
2019-11-04 00:00:00,294.32,333.96,NA,NA,NA,NA,5.84,0.57,47.27,0.71,NA,NA,NA,NA,NA,NA,NA,NA,NA,NA,NA,NA,NA,NA
2019-11-05 00:00:00,215.53,245.72,47.86,50.78,65.93,32.34,8.50,0.49,59.73,0.37,NA,NA,NA,NA,NA,NA,NA,NA,NA,NA,NA,NA,NA,NA
2019-11-06 00:00:00,100.33,137.62,50.47,25.90,54.81,30.51,7.35,0.58,33.61,0.60,NA,NA,NA,NA,NA,NA,NA,NA,NA,NA,NA,NA,NA,NA
2019-11-07 00:00:00,204.44,256.81,43.50,19.32,45.65,26.58,7.71,0.66,8.58,0.72,NA,NA,NA,NA,NA,NA,NA,NA,NA,NA,NA,NA,NA,NA
2019-11-08 00:00:00,157.29,213.02,46.86,17.69,47.50,27.02,10.84,0.64,31.84,1.27,NA,NA,NA,NA,NA,NA,NA,NA,NA,NA,NA,NA,NA,NA
2019-11-09 00:00:00,139.58,189.16,37.05,17.29,39.32,20.81,9.91,0.31,50.95,0.80,NA,NA,NA,NA,NA,NA,NA,NA,NA,NA,NA,NA,NA,NA
2019-11-10 00:00:00,206.88,262.45,36.72,18.51,39.70,20.94,14.61,0.47,38.48,0.95,NA,NA,NA,NA,NA,NA,NA,NA,NA,NA,NA,NA,NA,NA
2019-11-11 00:00:00,269.29,340.76,47.76,21.65,50.34,25.13,14.45,0.67,39.03,1.50,NA,NA,NA,NA,NA,NA,NA,NA,NA,NA,NA,NA,NA,NA
2019-11-12 00:00:00,388.82,462.84,66.78,24.75,67.46,32.05,11.31,1.01,25.29,2.08,NA,NA,NA,NA,NA,NA,NA,NA,NA,NA,NA,NA,NA,NA
2019-11-13 00:00:00,395.72,467.60,63.33,30.27,67.59,32.18,11.67,1.41,19.62,2.62,NA,NA,NA,NA,NA,NA,NA,NA,NA,NA,NA,NA,NA,NA
2019-11-14 00:00:00,395.18,459.56,73.66,35.25,78.63,36.79,12.33,2.19,11.75,4.27,NA,NA,NA,NA,NA,NA,NA,NA,NA,NA,NA,NA,NA,NA
2019-11-15 00:00:00,366.89,430.93,43.17,22.36,46.99,24.08,10.35,1.27,33.86,2.49,NA,NA,NA,NA,NA,NA,NA,NA,NA,NA,NA,NA,NA,NA
2019-11-16 00:00:00,161.78,225.13,31.40,32.30,42.70,13.84,9.74,0.58,30.96,1.36,NA,NA,NA,NA,NA,NA,NA,NA,NA,NA,NA,NA,NA,NA
2019-11-17 00:00:00,96.78,130.18,46.00,52.81,65.47,12.63,5.37,0.52,28.49,0.42,NA,NA,NA,NA,NA,NA,NA,NA,NA,NA,NA,NA,NA,NA
2019-11-18 00:00:00,102.48,137.66,46.50,51.20,65.04,11.04,4.59,0.88,36.10,0.90,NA,NA,NA,NA,NA,NA,NA,NA,NA,NA,NA,NA,NA,NA
2019-11-19 00:00:00,125.85,173.89,55.73,61.62,78.09,13.34,6.13,1.17,49.06,1.68,NA,NA,NA,NA,NA,NA,NA,NA,NA,NA,NA,NA,NA,NA
2019-11-20 00:00:00,171.29,229.77,101.26,88.38,129.33,19.74,8.28,2.65,45.59,3.17,NA,NA,NA,NA,NA,NA,NA,NA,NA,NA,NA,NA,NA,NA
2019-11-21 00:00:00,238.43,302.37,121.80,105.75,155.28,25.25,13.11,3.24,21.29,5.15,NA,NA,NA,NA,NA,NA,NA,NA,NA,NA,NA,NA,NA,NA
2019-11-22 00:00:00,189.66,243.99,74.12,78.94,102.25,16.43,11.09,1.95,57.17,2.87,NA,NA,NA,NA,NA,NA,NA,NA,NA,NA,NA,NA,NA,NA
2019-11-23 00:00:00,123.42,153.08,44.79,58.44,67.56,12.73,6.83,0.85,22.46,1.12,NA,NA,NA,NA,NA,NA,NA,NA,NA,NA,NA,NA,NA,NA
2019-11-24 00:00:00,103.20,130.02,40.48,53.22,61.21,11.21,6.77,0.65,27.64,0.68,NA,NA,NA,NA,NA,NA,NA,NA,NA,NA,NA,NA,NA,NA
2019-11-25 00:00:00,125.00,158.40,69.49,73.60,95.65,15.29,8.64,1.55,31.05,1.57,NA,NA,NA,NA,NA,NA,NA,NA,NA,NA,NA,NA,NA,NA
2019-11-26 00:00:00,108.48,152.76,64.87,70.76,90.38,16.14,10.27,1.23,18.14,1.55,NA,NA,NA,NA,NA,NA,NA,NA,NA,NA,NA,NA,NA,NA
2019-11-27 00:00:00,73.58,110.85,52.31,56.96,72.82,13.02,2.01,0.84,17.83,0.67,NA,NA,NA,NA,NA,NA,NA,NA,NA,NA,NA,NA,NA,NA
2019-11-28 00:00:00,32.56,48.47,42.15,46.77,59.11,10.88,1.52,0.48,20.77,0.46,NA,NA,NA,NA,NA,NA,NA,NA,NA,NA,NA,NA,NA,NA
2019-11-29 00:00:00,56.38,81.81,48.19,53.11,67.43,12.51,1.83,0.68,19.93,0.64,NA,NA,NA,NA,NA,NA,NA,NA,NA,NA,NA,NA,NA,NA
2019-11-30 00:00:00,106.57,139.62,46.95,53.69,66.73,11.55,1.52,0.92,21.71,0.98,NA,NA,NA,NA,NA,NA,NA,NA,NA,NA,NA,NA,NA,NA
2019-12-01 00:00:00,121.12,155.67,51.83,58.43,73.31,12.72,1.77,0.96,31.47,0.94,NA,NA,NA,NA,NA,NA,NA,NA,NA,NA,NA,NA,NA,NA
2019-12-02 00:00:00,136.35,179.91,57.77,62.79,80.37,13.99,1.89,1.21,29.70,1.14,NA,NA,NA,NA,NA,NA,NA,NA,NA,NA,NA,NA,NA,NA
2019-12-03 00:00:00,142.10,190.63,62.17,66.29,85.80,14.72,4.30,1.45,25.59,1.53,NA,NA,NA,NA,NA,NA,NA,NA,NA,NA,NA,NA,NA,NA
2019-12-04 00:00:00,168.37,230.21,77.81,78.18,104.85,17.98,6.59,2.00,24.28,1.99,NA,NA,NA,NA,NA,NA,NA,NA,NA,NA,NA,NA,NA,NA
2019-12-05 00:00:00,275.23,343.22,120.28,105.96,154.15,24.68,7.29,3.65,22.58,4.28,NA,NA,NA,NA,NA,NA,NA,NA,NA,NA,NA,NA,NA,NA
2019-12-06 00:00:00,232.08,285.46,71.73,71.75,96.48,17.16,7.49,1.96,19.99,1.99,NA,NA,NA,NA,NA,NA,NA,NA,NA,NA,NA,NA,NA,NA
2019-12-07 00:00:00,210.38,264.69,118.25,90.47,144.26,22.69,8.03,3.31,17.79,2.87,NA,NA,NA,NA,NA,NA,NA,NA,NA,NA,NA,NA,NA,NA
2019-12-08 00:00:00,202.62,250.87,106.86,88.39,133.89,23.53,6.77,3.28,18.70,3.88,NA,NA,NA,NA,NA,NA,NA,NA,NA,NA,NA,NA,NA,NA
2019-12-09 00:00:00,166.81,224.28,98.63,86.82,126.37,20.66,6.26,2.67,21.64,2.66,NA,NA,NA,NA,NA,NA,NA,NA,NA,NA,NA,NA,NA,NA
2019-12-10 00:00:00,207.77,279.92,117.72,96.45,147.01,24.22,6.50,3.63,24.96,3.87,NA,NA,NA,NA,NA,NA,NA,NA,NA,NA,NA,NA,NA,NA
2019-12-11 00:00:00,267.33,342.05,155.31,115.26,187.58,30.98,8.50,4.57,12.77,4.91,NA,NA,NA,NA,NA,NA,NA,NA,NA,NA,NA,NA,NA,NA
2019-12-12 00:00:00,260.45,306.71,68.80,74.65,95.64,18.59,8.29,2.13,17.48,2.22,NA,NA,NA,NA,NA,NA,NA,NA,NA,NA,NA,NA,NA,NA
2019-12-13 00:00:00,85.69,97.12,42.68,48.80,60.65,11.73,2.24,0.81,15.11,0.52,NA,NA,NA,NA,NA,NA,NA,NA,NA,NA,NA,NA,NA,NA
2019-12-14 00:00:00,83.34,101.75,50.24,51.86,68.61,11.99,3.56,0.96,13.62,0.89,NA,NA,NA,NA,NA,NA,NA,NA,NA,NA,NA,NA,NA,NA
2019-12-15 00:00:00,92.10,109.64,40.55,44.39,56.58,10.64,3.11,0.52,16.99,0.65,NA,NA,NA,NA,NA,NA,NA,NA,NA,NA,NA,NA,NA,NA
2019-12-16 00:00:00,79.38,97.42,30.49,34.84,43.32,8.79,1.65,0.30,15.26,0.45,NA,NA,NA,NA,NA,NA,NA,NA,NA,NA,NA,NA,NA,NA
2019-12-17 00:00:00,91.49,113.37,37.59,36.20,49.78,9.99,1.91,0.53,15.28,0.53,NA,NA,NA,NA,NA,NA,NA,NA,NA,NA,NA,NA,NA,NA
2019-12-18 00:00:00,148.14,176.04,37.99,41.01,52.70,10.46,2.44,0.78,24.10,0.92,NA,NA,NA,NA,NA,NA,NA,NA,NA,NA,NA,NA,NA,NA
2019-12-19 00:00:00,242.66,316.61,64.37,53.81,80.95,14.00,4.06,1.47,7.84,1.23,NA,NA,NA,NA,NA,NA,NA,NA,NA,NA,NA,NA,NA,NA
2019-12-20 00:00:00,305.20,373.78,47.16,50.34,65.12,12.61,3.56,1.00,13.46,1.41,NA,NA,NA,NA,NA,NA,NA,NA,NA,NA,NA,NA,NA,NA
2019-12-21 00:00:00,258.68,300.11,39.83,44.18,55.88,11.94,3.33,NA,10.52,1.40,NA,NA,NA,NA,NA,NA,NA,NA,NA,NA,NA,NA,NA,NA
2019-12-22 00:00:00,170.06,198.87,29.87,34.58,42.68,9.86,2.18,NA,12.67,0.47,NA,NA,NA,NA,NA,NA,NA,NA,NA,NA,NA,NA,NA,NA
2019-12-23 00:00:00,198.42,233.00,33.49,34.20,45.42,12.42,2.43,NA,13.43,0.74,NA,NA,NA,NA,NA,NA,NA,NA,NA,NA,NA,NA,NA,NA
2019-12-24 00:00:00,263.13,332.47,38.08,40.68,52.60,12.85,3.79,2.02,10.96,0.99,NA,NA,NA,NA,NA,NA,NA,NA,NA,NA,NA,NA,NA,NA
2019-12-25 00:00:00,151.26,203.89,27.27,32.02,39.21,8.72,2.73,0.89,11.55,0.50,NA,NA,NA,NA,NA,NA,NA,NA,NA,NA,NA,NA,NA,NA
2019-12-26 00:00:00,188.92,246.87,27.05,34.28,40.22,8.63,2.45,1.01,15.23,0.49,NA,NA,NA,NA,NA,NA,NA,NA,NA,NA,NA,NA,NA,NA
2019-12-27 00:00:00,233.14,303.48,32.45,39.81,47.56,9.49,3.07,1.25,12.84,0.66,NA,NA,NA,NA,NA,NA,NA,NA,NA,NA,NA,NA,NA,NA
2019-12-28 00:00:00,269.77,370.73,56.70,45.60,70.35,12.60,5.78,2.12,9.81,1.12,NA,NA,NA,NA,NA,NA,NA,NA,NA,NA,NA,NA,NA,NA
2019-12-29 00:00:00,320.52,434.69,39.15,46.76,56.70,10.94,8.42,2.01,13.81,0.89,NA,NA,NA,NA,NA,NA,NA,NA,NA,NA,NA,NA,NA,NA
2019-12-30 00:00:00,304.37,398.62,57.93,45.08,71.07,13.55,7.61,2.45,6.60,1.39,NA,NA,NA,NA,NA,NA,NA,NA,NA,NA,NA,NA,NA,NA
2019-12-31 00:00:00,225.51,264.99,73.06,47.98,84.92,14.52,6.08,2.80,10.96,1.84,NA,NA,NA,NA,NA,NA,NA,NA,NA,NA,NA,NA,NA,NA
